{
  "version": 1,
  "author": "Anonymous maker",
  "editor": "wokwi",
  "parts": [
    { "type": "board-esp32-devkit-c-v4", "id": "esp", "top": 0, "left": 0, "attrs": {} },
    {
      "type": "wokwi-pushbutton",
      "id": "btn1",
      "top": 111.8,
      "left": 182.4,
      "attrs": { "color": "green", "xray": "1" }
    },
    {
      "type": "wokwi-pushbutton",
      "id": "btn2",
      "top": 159.8,
      "left": 182.4,
      "attrs": { "color": "red", "xray": "1" }
    },
    {
      "type": "wokwi-lcd1602",
      "id": "lcd1",
      "top": -99.2,
      "left": 226.4,
      "attrs": { "pins": "i2c" }
    },
    {
      "type": "wokwi-resistor",
      "id": "r1",
      "top": 72,
      "left": 114.65,
      "rotate": 90,
      "attrs": { "value": "1000" }
    },
    {
      "type": "wokwi-resistor",
      "id": "r2",
      "top": 72,
      "left": 124.25,
      "rotate": 90,
      "attrs": { "value": "1000" }
    }
  ],
  "connections": [
    [ "esp:TX", "$serialMonitor:RX", "", [] ],
    [ "esp:RX", "$serialMonitor:TX", "", [] ],
    [ "lcd1:GND", "esp:GND.2", "black", [ "h-124.8" ] ],
    [ "lcd1:VCC", "esp:3V3", "red", [ "h0" ] ],
    [ "lcd1:SDA", "esp:21", "green", [ "h-105.6", "v125" ] ],
    [ "lcd1:SCL", "esp:22", "green", [ "h-96", "v86.7" ] ],
    [ "btn1:1.l", "esp:4", "green", [ "h-67.2", "v19.2" ] ],
    [ "btn2:1.l", "esp:2", "green", [ "h-67.2", "v-9.6" ] ],
    [ "btn1:2.r", "esp:GND.3", "#8f4814", [ "h19.4", "v0.2" ] ],
    [ "btn2:2.r", "esp:GND.3", "#8f4814", [ "h19.4", "v-57.4" ] ],
    [ "r1:1", "lcd1:VCC", "blue", [ "h0", "v-105.6" ] ],
    [ "r2:1", "lcd1:VCC", "blue", [ "h0", "v-105.6" ] ],
    [ "r1:2", "btn2:1.l", "blue", [ "h0", "v66" ] ],
    [ "r2:2", "btn1:1.l", "blue", [ "h0", "v18" ] ]
  ],
  "dependencies": {}
}